Wall time,Step,Value
1667270915.918813,0,177.71876525878906
1667281139.4875672,1,361.9362487792969
1667300617.5287375,2,521.64697265625
1667319354.1716404,3,742.8896484375
1667336923.4361465,4,765.5169677734375
