Wall time,Step,Value
1667270802.2689934,0,59.43876647949219
1667272124.8984392,1,136.81149291992188
1667280456.315584,2,227.32070922851562
1667290366.8783944,3,271.08575439453125
1667300132.664259,4,254.39761352539062
