Wall time,Step,Value
1667270739.2240162,0,107.58357238769531
1667271405.8259742,1,209.3043670654297
1667272062.7691486,2,277.6873779296875
1667273550.4290836,3,263.4937438964844
1667279958.0480182,4,289.6789245605469
