Wall time,Step,Value
1667370266.8146994,0,-58.27333068847656
1667370654.5311084,1,-1135.88330078125
1667371043.2117589,2,40.852149963378906
1667371404.5033815,3,-52.895225524902344
1667371765.0246353,4,123.86412811279297
1667372125.9531825,5,73.69962310791016
1667372490.521202,6,236.51535034179688
1667372861.5821602,7,19.144039154052734
1667373234.73396,8,366.35205078125
1667373616.788076,9,-111.65284729003906
