Wall time,Step,Value
1667370004.053117,0,-816.7717895507812
1667370123.530102,1,1.8971309661865234
1667370245.3946579,2,15.86848258972168
1667370364.749346,3,0.8826618194580078
1667370486.9671278,4,-402.4909973144531
1667370606.1636553,5,-12.418599128723145
1667370727.6800885,6,-11.513893127441406
1667370849.7912307,7,97.12012481689453
1667370971.5033567,8,193.33338928222656
1667371090.6328,9,196.12371826171875
