Wall time,Step,Value
1667280176.2881088,0,-516.840087890625
1667284741.244409,1,-241.62217712402344
1667289164.1884785,2,-165.1954803466797
1667293588.21656,3,-255.33880615234375
1667298010.786854,4,-44.06636047363281
1667302360.0303202,5,-23.020702362060547
1667306637.9664898,6,67.16293334960938
1667310915.677709,7,116.0816650390625
1667315193.4378526,8,24.217702865600586
1667319472.0543013,9,114.75038146972656
