Wall time,Step,Value
1667371466.2223718,0,74.13565063476562
1667372776.6503453,1,248.9149932861328
1667373932.706282,2,942.9913940429688
1667374824.2784438,3,977.3414306640625
1667375737.5388656,4,1469.9765625
1667376685.3953323,5,1668.130615234375
1667377639.5488212,6,1525.936279296875
1667378594.9580812,7,1602.50830078125
1667379551.250831,8,1691.880126953125
1667380522.000035,9,1768.865234375
