Wall time,Step,Value
1667275883.3122075,0,-42.649192810058594
1667276991.749018,1,-1209.2921142578125
1667277977.1705847,2,103.76129150390625
1667278927.3035786,3,-199.59014892578125
1667279791.868253,4,-174.58468627929688
1667280648.6890783,5,109.19552612304688
1667281513.4147217,6,303.82916259765625
1667282384.7671764,7,119.1743392944336
1667283254.447886,8,266.4736328125
1667284125.879741,9,368.27587890625
