Wall time,Step,Value
1667275039.333461,0,-1096.037353515625
1667275438.7695394,1,-770.2875366210938
1667275839.517425,2,108.87191772460938
1667276238.254458,3,159.87217712402344
1667276547.9741986,4,39.20051574707031
1667276908.4320679,5,65.7143325805664
1667277261.6225085,6,51.82313919067383
1667277564.3852506,7,-84.27793884277344
1667277873.2189522,8,341.541015625
1667278165.5786002,9,248.71286010742188
