Wall time,Step,Value
1662833665.568436,0,2795.468994140625
