Wall time,Step,Value
1662833737.216037,0,1996.586669921875
