Wall time,Step,Value
1669030807.7558897,3001,-3.5102200508117676
1669030823.7204897,4001,-5.625399112701416
1669030839.109315,5001,-7.4226579666137695
1669030856.5285614,6001,-9.304584503173828
1669030873.9404902,7001,-10.24118423461914
1669030891.3340113,8001,-10.510503768920898
1669030908.5979245,9001,-10.616565704345703
1669030926.3025854,10001,-10.159286499023438
1669030943.7262242,11001,-9.755471229553223
1669030960.7503324,12001,-9.211090087890625
1669030978.2707906,13001,-8.314077377319336
1669030995.6448922,14001,-8.128496170043945
1669031013.3437965,15001,-7.432560443878174
1669031031.0527534,16001,-7.573607921600342
1669031049.9631286,17001,-7.84724235534668
1669031067.9690762,18001,-7.780964374542236
1669031085.8583455,19001,-8.38589859008789
1669031104.129184,20001,-8.506771087646484
1669031122.6456096,21001,-9.488300323486328
1669031141.191595,22001,-10.050395011901855
1669031160.1018686,23001,-10.560717582702637
1669031178.7327871,24001,-11.193174362182617
1669031197.037987,25001,-11.534135818481445
1669031214.6756704,26001,-11.86984634399414
1669031232.9965909,27001,-11.659564971923828
1669031251.0347955,28001,-11.403376579284668
1669031270.0403402,29001,-10.914325714111328
1669031287.9939108,30001,-10.941940307617188
1669031306.4537377,31001,-11.056879043579102
1669031325.020191,32001,-10.711921691894531
1669031344.1769817,33001,-10.772255897521973
1669031363.380773,34001,-10.380038261413574
1669031381.503001,35001,-10.435670852661133
1669031399.8411226,36001,-10.438121795654297
1669031418.8078368,37001,-10.640789985656738
1669031437.8325899,38001,-11.043720245361328
1669031457.4732354,39001,-10.605368614196777
1669031477.0260987,40001,-10.659015655517578
1669031496.4965308,41001,-10.531874656677246
1669031515.3851197,42001,-10.964434623718262
1669031534.0928788,43001,-10.937891006469727
1669031553.6747622,44001,-10.707601547241211
1669031572.4053378,45001,-10.477030754089355
1669031591.2867026,46001,-10.495349884033203
1669031610.316511,47001,-10.33700180053711
1669031628.1924045,48001,-10.357271194458008
1669031643.3940017,49001,-10.44266414642334
