Wall time,Step,Value
1669030807.756102,3001,-1.921316385269165
1669030823.7208571,4001,-4.061224937438965
1669030839.1095262,5001,-5.870388031005859
1669030856.528749,6001,-7.708627700805664
1669030873.9406977,7001,-8.633132934570312
1669030891.334253,8001,-8.880295753479004
1669030908.5981266,9001,-8.89468002319336
1669030926.3027637,10001,-8.466625213623047
1669030943.7263575,11001,-8.109437942504883
1669030960.7508185,12001,-7.467548370361328
1669030978.2710035,13001,-6.608366966247559
1669030995.6452448,14001,-6.431965351104736
1669031013.3440564,15001,-5.792495250701904
1669031031.0529842,16001,-5.942605018615723
1669031049.9633613,17001,-6.178035736083984
1669031067.9693015,18001,-6.216158866882324
1669031085.8585472,19001,-6.803662300109863
1669031104.1294847,20001,-6.918584823608398
1669031122.6458247,21001,-7.921729564666748
1669031141.191772,22001,-8.527645111083984
1669031160.1021464,23001,-8.976000785827637
1669031178.7329323,24001,-9.657501220703125
1669031197.0381672,25001,-9.943453788757324
1669031214.676154,26001,-10.229114532470703
1669031232.9967825,27001,-9.974215507507324
1669031251.0349364,28001,-9.78994369506836
1669031270.0405657,29001,-9.309374809265137
1669031287.9942236,30001,-9.33470344543457
1669031306.4539053,31001,-9.406620979309082
1669031325.0204017,32001,-9.130800247192383
1669031344.1772215,33001,-9.173952102661133
1669031363.380931,34001,-8.773193359375
1669031381.5031917,35001,-8.808082580566406
1669031399.8414116,36001,-8.854265213012695
1669031418.8080592,37001,-9.060808181762695
1669031437.8328307,38001,-9.441831588745117
1669031457.4734912,39001,-9.00899887084961
1669031477.026482,40001,-9.03779125213623
1669031496.496863,41001,-8.973089218139648
1669031515.3855107,42001,-9.298486709594727
1669031534.0931015,43001,-9.300161361694336
1669031553.67507,44001,-9.096427917480469
1669031572.405535,45001,-8.849862098693848
1669031591.2869518,46001,-8.89349365234375
1669031610.3166509,47001,-8.823848724365234
1669031628.1926792,48001,-8.798309326171875
1669031643.394266,49001,-8.882185935974121
