Wall time,Step,Value
1669030807.5665214,3001,3.041907548904419
1669030823.2240129,4001,5.832338333129883
1669030838.596595,5001,10.791309356689453
1669030855.6471524,6001,21.936229705810547
1669030872.983777,7001,34.126312255859375
1669030890.3321633,8001,49.10630798339844
1669030907.6033745,9001,66.10282897949219
1669030924.924897,10001,88.13160705566406
1669030942.4518206,11001,99.16970825195312
1669030959.7273273,12001,110.16813659667969
1669030976.9893672,13001,123.58810424804688
1669030994.5214345,14001,132.81448364257812
1669031011.9501672,15001,137.04690551757812
1669031029.4036548,16001,140.4420166015625
1669031046.7175956,17001,140.84323120117188
1669031064.0689232,18001,136.41476440429688
1669031081.4945557,19001,132.06622314453125
1669031098.7682683,20001,122.91535949707031
1669031115.7165875,21001,113.94331359863281
1669031133.0740278,22001,105.00050354003906
1669031150.380654,23001,94.34803009033203
1669031167.7086532,24001,83.01849365234375
1669031184.8076985,25001,75.35610961914062
1669031202.5727725,26001,68.64441680908203
1669031219.8914504,27001,60.20489501953125
1669031237.2773252,28001,55.92902755737305
1669031255.038329,29001,50.6365966796875
1669031272.4274359,30001,46.00078582763672
1669031290.0545473,31001,43.73448944091797
1669031308.2805831,32001,41.42588424682617
1669031326.640037,33001,37.75395965576172
1669031345.0400977,34001,38.05386734008789
1669031363.4629018,35001,36.772857666015625
1669031382.6692507,36001,39.217613220214844
1669031401.2637525,37001,40.37178039550781
1669031420.3478901,38001,41.82681655883789
1669031439.7121227,39001,44.938446044921875
1669031458.9628863,40001,45.75726318359375
1669031478.0142152,41001,43.97953414916992
1669031496.2029097,42001,42.89300537109375
1669031515.4684894,43001,42.75123596191406
1669031535.4643323,44001,42.25600814819336
1669031555.0890903,45001,41.31293487548828
1669031573.85044,46001,39.159637451171875
1669031592.7687213,47001,36.96539306640625
1669031612.3854609,48001,35.394264221191406
1669031629.4466596,49001,35.251277923583984
