Wall time,Step,Value
1669030807.421236,3001,-3.5466113090515137
1669030823.1499135,4001,-5.683750629425049
1669030838.6719952,5001,-7.409669876098633
1669030856.0323775,6001,-9.178014755249023
1669030873.6982582,7001,-10.147378921508789
1669030891.0410519,8001,-11.076168060302734
1669030908.4237716,9001,-12.000602722167969
1669030925.8351128,10001,-12.437267303466797
1669030943.5862932,11001,-12.99228572845459
1669030960.9794583,12001,-13.35228157043457
1669030978.698103,13001,-13.66690731048584
1669030996.477323,14001,-13.966009140014648
1669031013.7474592,15001,-13.905946731567383
1669031031.3425725,16001,-14.244085311889648
1669031048.6374855,17001,-14.100618362426758
1669031065.805585,18001,-14.167520523071289
1669031082.895103,19001,-13.957351684570312
1669031100.137647,20001,-13.818025588989258
1669031117.551703,21001,-13.974685668945312
1669031134.8101351,22001,-13.73019027709961
1669031152.013141,23001,-13.608957290649414
1669031169.1442413,24001,-13.549140930175781
1669031186.28279,25001,-13.342620849609375
1669031203.6490946,26001,-13.470314025878906
1669031221.2458725,27001,-13.231746673583984
1669031238.5836134,28001,-13.22635269165039
1669031256.211544,29001,-13.004847526550293
1669031273.6713948,30001,-13.053291320800781
1669031291.0374587,31001,-13.573955535888672
1669031308.5708432,32001,-13.626140594482422
1669031326.2033322,33001,-13.262260437011719
1669031343.7451653,34001,-13.170389175415039
1669031361.4530752,35001,-13.234159469604492
1669031378.8978453,36001,-13.12099838256836
1669031395.9296687,37001,-13.065382957458496
1669031413.1639142,38001,-12.958368301391602
1669031430.4026246,39001,-12.764129638671875
1669031447.3689282,40001,-12.812312126159668
1669031464.1473787,41001,-12.857983589172363
1669031481.054207,42001,-12.983610153198242
1669031498.3596973,43001,-12.786916732788086
1669031516.215622,44001,-12.585916519165039
1669031533.6458952,45001,-12.6804780960083
1669031551.4094586,46001,-12.870121002197266
1669031569.646558,47001,-12.867711067199707
1669031587.5782273,48001,-12.4238862991333
1669031605.38254,49001,-12.665237426757812
