Wall time,Step,Value
1669030807.5662005,3001,1.0532070398330688
1669030823.2237635,4001,3.4588847160339355
1669030838.5963254,5001,7.563884258270264
1669030855.6470075,6001,17.125810623168945
1669030872.9833198,7001,28.495582580566406
1669030890.3320084,8001,41.95368957519531
1669030907.6031058,9001,57.735450744628906
1669030924.9246225,10001,79.41791534423828
1669030942.451607,11001,90.56584930419922
1669030959.7271411,12001,100.7011947631836
1669030976.9891076,13001,112.64041137695312
1669030994.5212278,14001,123.10658264160156
1669031011.949887,15001,129.41162109375
1669031029.4034655,16001,132.56564331054688
1669031046.717413,17001,132.436767578125
1669031064.0685854,18001,130.99887084960938
1669031081.494237,19001,126.97223663330078
1669031098.7680318,20001,117.90057373046875
1669031115.716371,21001,110.42311096191406
1669031133.0735807,22001,102.00949096679688
1669031150.3803823,23001,91.57352447509766
1669031167.7084045,24001,80.53301239013672
1669031184.8075433,25001,73.09580993652344
1669031202.5724752,26001,66.31224060058594
1669031219.8913035,27001,58.18061828613281
1669031237.27705,28001,53.97866439819336
1669031255.0381567,29001,48.52974319458008
1669031272.427201,30001,43.853355407714844
1669031290.0543554,31001,41.32925796508789
1669031308.2803888,32001,39.092079162597656
1669031326.6397004,33001,35.586753845214844
1669031345.03974,34001,35.177650451660156
1669031363.4626539,35001,34.24351501464844
1669031382.668958,36001,36.22698211669922
1669031401.2634706,37001,37.446250915527344
1669031420.3475482,38001,38.934722900390625
1669031439.7119293,39001,41.71440124511719
1669031458.9626617,40001,42.91009521484375
1669031478.0138679,41001,41.28703308105469
1669031496.2026262,42001,40.39823913574219
1669031515.4682877,43001,40.06172180175781
1669031535.4641347,44001,39.65818786621094
1669031555.0888476,45001,38.87919616699219
1669031573.8501017,46001,37.259063720703125
1669031592.7684484,47001,34.849090576171875
1669031612.3851905,48001,33.115882873535156
1669031629.446398,49001,32.83080291748047
