Wall time,Step,Value
1669030808.0449057,3001,0.6456410884857178
1669030823.8387873,4001,1.69924795627594
1669030839.2591236,5001,4.1543779373168945
1669030856.7652354,6001,10.264893531799316
1669030874.3605337,7001,17.576297760009766
1669030891.804978,8001,24.349994659423828
1669030909.235215,9001,32.38587951660156
1669030926.8936539,10001,40.047332763671875
1669030944.2594361,11001,50.24739074707031
1669030961.478212,12001,64.44047546386719
1669030978.5724065,13001,79.94412231445312
1669030996.1512828,14001,95.6988296508789
1669031013.3917716,15001,113.14049530029297
1669031030.69634,16001,127.6849136352539
1669031048.0126529,17001,141.23272705078125
1669031065.3514264,18001,156.93359375
1669031082.294538,19001,167.53643798828125
1669031099.6836066,20001,187.5957489013672
1669031116.8046908,21001,209.13931274414062
1669031133.4038894,22001,221.78744506835938
1669031150.1256144,23001,242.06190490722656
1669031167.0305743,24001,265.7469482421875
1669031183.952419,25001,280.50213623046875
1669031201.2801294,26001,307.6831359863281
1669031218.4966443,27001,327.6402587890625
1669031235.5140543,28001,329.385986328125
1669031252.9317276,29001,349.1435241699219
1669031270.2269132,30001,368.5785827636719
1669031287.3945236,31001,377.38134765625
1669031304.6805282,32001,387.1366271972656
1669031321.7988315,33001,393.77972412109375
1669031338.366331,34001,396.2681884765625
1669031355.2809443,35001,393.9103698730469
1669031371.9915812,36001,424.47100830078125
1669031389.028991,37001,423.2432861328125
1669031406.1263542,38001,429.28564453125
1669031423.144776,39001,442.524169921875
1669031440.0590138,40001,435.89276123046875
1669031457.3716655,41001,440.48046875
1669031474.7754345,42001,448.5279235839844
1669031492.3421094,43001,457.0349426269531
1669031509.4781797,44001,477.379638671875
1669031526.5480502,45001,476.17535400390625
1669031543.795641,46001,491.28125
1669031560.9577959,47001,508.14276123046875
1669031578.6646686,48001,543.1427001953125
1669031596.2888863,49001,557.82080078125
