Wall time,Step,Value
1669030808.045152,3001,2.2738020420074463
1669030823.838984,4001,3.5435678958892822
1669030839.259641,5001,6.409675598144531
1669030856.765426,6001,13.27758502960205
1669030874.360956,7001,21.057390213012695
1669030891.8053777,8001,28.333797454833984
1669030909.2355528,9001,37.10548400878906
1669030926.8938618,10001,46.17426300048828
1669030944.2596493,11001,57.042510986328125
1669030961.478404,12001,70.97084045410156
1669030978.5726738,13001,89.76991271972656
1669030996.1514199,14001,106.55960083007812
1669031013.3920102,15001,123.90264129638672
1669031030.6965184,16001,138.07125854492188
1669031048.012898,17001,153.79409790039062
1669031065.351647,18001,171.49554443359375
1669031082.2947423,19001,184.4312744140625
1669031099.6837816,20001,204.19419860839844
1669031116.805001,21001,227.613525390625
1669031133.404068,22001,238.47515869140625
1669031150.125857,23001,263.19415283203125
1669031167.0308013,24001,287.3497314453125
1669031183.9527743,25001,304.7794189453125
1669031201.2804,26001,330.04766845703125
1669031218.4968092,27001,349.85498046875
1669031235.5141869,28001,353.3033447265625
1669031252.931844,29001,375.01531982421875
1669031270.2271404,30001,394.6007995605469
1669031287.3947804,31001,398.6329345703125
1669031304.680726,32001,411.18109130859375
1669031321.799035,33001,416.78216552734375
1669031338.3665266,34001,418.6513977050781
1669031355.2810807,35001,416.8724670410156
1669031371.9918811,36001,450.0307922363281
1669031389.0291355,37001,448.7360534667969
1669031406.1266873,38001,455.7347412109375
1669031423.1449838,39001,466.71923828125
1669031440.0593243,40001,463.4463195800781
1669031457.3720112,41001,466.7433776855469
1669031474.7757375,42001,475.48712158203125
1669031492.342369,43001,485.96185302734375
1669031509.4783757,44001,508.7410888671875
1669031526.548422,45001,509.94036865234375
1669031543.7958615,46001,522.5755004882812
1669031560.9580863,47001,541.8086547851562
1669031578.6649413,48001,575.403564453125
1669031596.2890983,49001,592.0706176757812
