Wall time,Step,Value
1669030807.421482,3001,-1.9352887868881226
1669030823.1501226,4001,-4.084988117218018
1669030838.6722062,5001,-5.794043064117432
1669030856.0325987,6001,-7.563371658325195
1669030873.6985054,7001,-8.55258560180664
1669030891.0412154,8001,-9.46800422668457
1669030908.42394,9001,-10.423162460327148
1669030925.8352487,10001,-10.874312400817871
1669030943.586449,11001,-11.427310943603516
1669030960.9796727,12001,-11.798023223876953
1669030978.6984093,13001,-12.092374801635742
1669030996.4775674,14001,-12.34975814819336
1669031013.7476728,15001,-12.312244415283203
1669031031.3427577,16001,-12.638765335083008
1669031048.6376734,17001,-12.496092796325684
1669031065.805767,18001,-12.580324172973633
1669031082.8953953,19001,-12.329877853393555
1669031100.1378503,20001,-12.226829528808594
1669031117.5518591,21001,-12.371099472045898
1669031134.8103309,22001,-12.098276138305664
1669031152.0133598,23001,-12.03555965423584
1669031169.1444736,24001,-11.934455871582031
1669031186.2829964,25001,-11.765177726745605
1669031203.6495101,26001,-11.866762161254883
1669031221.246108,27001,-11.622310638427734
1669031238.5838141,28001,-11.613434791564941
1669031256.2117805,29001,-11.399367332458496
1669031273.6716373,30001,-11.401705741882324
1669031291.0375898,31001,-11.971303939819336
1669031308.5711336,32001,-12.015430450439453
1669031326.203521,33001,-11.690441131591797
1669031343.745292,34001,-11.55189323425293
1669031361.4533055,35001,-11.604814529418945
1669031378.8980405,36001,-11.490324974060059
1669031395.930073,37001,-11.396620750427246
1669031413.164098,38001,-11.298138618469238
1669031430.402778,39001,-11.17415714263916
1669031447.3691182,40001,-11.239837646484375
1669031464.147652,41001,-11.241403579711914
1669031481.0544107,42001,-11.354991912841797
1669031498.359956,43001,-11.169825553894043
1669031516.2158306,44001,-10.989463806152344
1669031533.6460876,45001,-11.062986373901367
1669031551.4096556,46001,-11.213680267333984
1669031569.6469421,47001,-11.28074836730957
1669031587.5784729,48001,-10.833580017089844
1669031605.3827682,49001,-11.022405624389648
