Wall time,Step,Value
1665220040.7577753,0,30.071428298950195
1665220046.3728852,10,119.5
1665220051.9837713,20,141.0
1665220057.473163,30,165.0
1665220063.022997,40,200.0
1665220068.4228318,50,200.0
1665220074.0462134,60,160.6666717529297
1665220079.7862787,70,200.0
1665220085.137048,80,200.0
1665220090.6749518,90,200.0
