Wall time,Step,Value
1665220156.5705419,0,30.071428298950195
1665220161.856218,10,83.66666412353516
1665220167.2753515,20,200.0
1665220172.2405524,30,200.0
1665220177.1036987,40,200.0
1665220181.9962735,50,200.0
1665220187.3715446,60,184.3333282470703
1665220192.4608576,70,200.0
1665220197.622998,80,200.0
1665220202.548446,90,200.0
