Wall time,Step,Value
1665219997.7600079,0,35.0
1665220001.7965813,10,9.39534854888916
1665220005.8554847,20,9.372093200683594
1665220009.8704786,30,9.25
1665220013.8636553,40,9.302325248718262
1665220017.874696,50,9.348836898803711
1665220021.8639605,60,9.272727012634277
1665220025.8623202,70,9.227272987365723
1665220029.8696907,80,9.227272987365723
1665220033.8508525,90,9.348836898803711
