Wall time,Step,Value
1665220098.5240734,0,20.200000762939453
1665220104.023809,10,46.66666793823242
1665220109.6629918,20,182.6666717529297
1665220115.356609,30,200.0
1665220120.777262,40,200.0
1665220126.1928577,50,200.0
1665220131.7784038,60,123.5
1665220137.3587291,70,109.0
1665220143.089053,80,182.6666717529297
1665220148.6336255,90,26.375
