Wall time,Step,Value
1665223356.1371732,0,15.5
1665223383.8864415,10,42.099998474121094
1665223411.8004382,20,579.0
1665223441.4257612,30,1000.0
1665223469.4573443,40,1000.0
1665223498.152168,50,1000.0
1665223527.4871094,60,1000.0
1665223555.9084878,70,1000.0
1665223584.6113207,80,1000.0
1665223612.7997985,90,1000.0
