Wall time,Step,Value
1667212142.535513,0,-30.263151168823242
