Wall time,Step,Value
1667212142.5405004,0,-163.6405487060547
